Date,Volume,Price,tweet_count,polarity,subjectivity,sentiment,Elon
2021-01-01,40730301359,29374.152344,0.0,0.0,0.0,0.0,0.0
2021-01-02,67865420765,32127.267578,0.0,0.0,0.0,0.0,0.0
2021-01-03,78665235202,32782.023438,0.0,0.0,0.0,0.0,0.0
2021-01-04,81163475344,31971.914063,0.0,0.0,0.0,0.0,0.0
2021-01-05,67547324782,33992.429688,0.0,0.0,0.0,0.0,0.0
2021-01-06,75289433811,36824.363281,0.0,0.0,0.0,0.0,0.0
2021-01-07,84762141031,39371.042969,0.0,0.0,0.0,0.0,0.0
2021-01-08,88107519480,40797.609375,0.0,0.0,0.0,0.0,0.0
2021-01-09,61984162837,40254.546875,0.0,0.0,0.0,0.0,0.0
2021-01-10,79980747690,38356.441406,0.0,0.0,0.0,0.0,0.0
2021-01-11,123320567399,35566.65625,0.0,0.0,0.0,0.0,0.0
2021-01-12,74773277909,33922.960938,0.0,0.0,0.0,0.0,0.0
2021-01-13,69364315979,37316.359375,0.0,0.0,0.0,0.0,0.0
2021-01-14,63615990033,39187.328125,0.0,0.0,0.0,0.0,0.0
2021-01-15,67760757881,36825.367188,0.0,0.0,0.0,0.0,0.0
2021-01-16,57706187875,36178.140625,0.0,0.0,0.0,0.0,0.0
2021-01-17,52359854336,35791.277344,0.0,0.0,0.0,0.0,0.0
2021-01-18,49511702429,36630.074219,0.0,0.0,0.0,0.0,0.0
2021-01-19,57244195486,36069.804688,0.0,0.0,0.0,0.0,0.0
2021-01-20,66834573161,35547.75,0.0,0.0,0.0,0.0,0.0
2021-01-21,75643067688,30825.699219,0.0,0.0,0.0,0.0,0.0
2021-01-22,77207272511,33005.761719,0.0,0.0,0.0,0.0,0.0
2021-01-23,48354737975,32067.642578,0.0,0.0,0.0,0.0,0.0
2021-01-24,48643830599,32289.378906,0.0,0.0,0.0,0.0,0.0
2021-01-25,59897054838,32366.392578,0.0,0.0,0.0,0.0,0.0
2021-01-26,60255421470,32569.849609,0.0,0.0,0.0,0.0,0.0
2021-01-27,62576762015,30432.546875,0.0,0.0,0.0,0.0,0.0
2021-01-28,76517157706,33466.097656,0.0,0.0,0.0,0.0,0.0
2021-01-29,117894572511,34316.386719,0.0,0.0,0.0,0.0,0.0
2021-01-30,65141828798,34269.523438,0.0,0.0,0.0,0.0,0.0
2021-01-31,52754542671,33114.359375,0.0,0.0,0.0,0.0,0.0
2021-02-01,61400400660,33537.175781,0.0,0.0,0.0,0.0,0.0
2021-02-02,63088585433,35510.289063,0.0,0.0,0.0,0.0,0.0
2021-02-03,61166818159,37472.089844,0.0,0.0,0.0,0.0,0.0
2021-02-04,68838074392,36926.066406,0.0,0.0,0.0,0.0,0.0
2021-02-05,58598066402,38144.308594,1249.0,0.0803510593467559,0.2290941922146886,0.20096076861489193,0.0
2021-02-06,71326033653,39266.011719,2399.0,0.06715099426880376,0.20164322059226186,0.18007503126302626,0.0
2021-02-07,65500641143,38903.441406,2263.0,0.09136097564118996,0.23588287863508808,0.22315510384445428,1.0
2021-02-08,101467222687,46196.464844,4547.0,0.08104294376297895,0.2320579736080616,0.24851550472839234,1.0
2021-02-09,91809846886,46481.105469,3371.0,0.07950601519924422,0.23324296408377543,0.2491842183328389,0.0
2021-02-10,87301089896,44918.183594,2663.0,0.07329300437327099,0.233129331470535,0.21742395794217048,0.0
2021-02-11,81388911810,47909.332031,0.0,0.0,0.0,0.0,0.0
2021-02-12,76555041196,47504.851563,0.0,0.0,0.0,0.0,0.0
2021-02-13,70250456155,47105.515625,1799.0,0.06737737946847175,0.2095842910100831,0.19677598665925514,0.0
2021-02-14,71248675228,48717.289063,3204.0,0.12728121844343754,0.40868361145085547,0.38701622971285893,0.0
2021-02-15,77069903166,47945.058594,3780.0,0.15891049692885012,0.5172054497163624,0.5029100529100529,0.0
2021-02-16,77049582886,49199.871094,0.0,0.0,0.0,0.0,0.0
2021-02-17,80820545404,52149.007813,0.0,0.0,0.0,0.0,0.0
2021-02-18,52054723579,51679.796875,1706.0,0.08140519169673625,0.24898773523597675,0.223915592028136,0.0
2021-02-19,63495496918,55888.132813,3566.0,0.06929107738712337,0.24050550584362979,0.2148065058889512,0.0
2021-02-20,68145460026,56099.519531,0.0,0.0,0.0,0.0,1.0
2021-02-21,51897585191,57539.945313,0.0,0.0,0.0,0.0,1.0
2021-02-22,92052420332,54207.320313,2691.0,0.06832184522401913,0.22955375692717758,0.20624303232998886,0.0
2021-02-23,106102492824,48824.425781,0.0,0.0,0.0,0.0,0.0
2021-02-24,63695521388,49705.332031,0.0,0.0,0.0,0.0,0.0
2021-02-25,54506565949,47093.851563,0.0,0.0,0.0,0.0,0.0
2021-02-26,350967941479,46339.761719,0.0,0.0,0.0,0.0,0.0
2021-02-27,45910946382,46188.453125,0.0,0.0,0.0,0.0,0.0
2021-02-28,53443887451,45137.769531,1265.0,0.06946221674680172,0.26591516045073355,0.21027667984189724,0.0
2021-03-01,53891300112,49631.242188,0.0,0.0,0.0,0.0,0.0
2021-03-02,47530897720,48378.988281,0.0,0.0,0.0,0.0,0.0
2021-03-03,53220811975,50538.242188,0.0,0.0,0.0,0.0,-1.0
2021-03-04,52343816680,48561.167969,0.0,0.0,0.0,0.0,0.0
2021-03-05,48625928883,48927.304688,0.0,0.0,0.0,0.0,0.0
2021-03-06,34363564661,48912.382813,0.0,0.0,0.0,0.0,0.0
2021-03-07,43137459378,51206.691406,0.0,0.0,0.0,0.0,0.0
2021-03-08,48597428048,52246.523438,0.0,0.0,0.0,0.0,0.0
2021-03-09,50912227385,54824.117188,0.0,0.0,0.0,0.0,0.0
2021-03-10,57295577614,56008.550781,0.0,0.0,0.0,0.0,0.0
2021-03-11,56772343595,57805.121094,163.0,0.06903484892748697,0.20667319558423852,0.19631901840490798,0.0
2021-03-12,55689944702,57332.089844,2864.0,0.09530095069812249,0.2535583778548164,0.25,0.0
2021-03-13,60669829814,61243.085938,0.0,0.0,0.0,0.0,-1.0
2021-03-14,43901225564,59302.316406,0.0,0.0,0.0,0.0,0.0
2021-03-15,66419369890,55907.199219,0.0,0.0,0.0,0.0,0.0
2021-03-16,59749798599,56804.902344,0.0,0.0,0.0,0.0,0.0
2021-03-17,60258313191,58870.894531,0.0,0.0,0.0,0.0,0.0
2021-03-18,55746041000,57858.921875,0.0,0.0,0.0,0.0,0.0
2021-03-19,49063873786,58346.652344,0.0,0.0,0.0,0.0,0.0
2021-03-20,50361731222,58313.644531,0.0,0.0,0.0,0.0,0.0
2021-03-21,51943414539,57523.421875,0.0,0.0,0.0,0.0,0.0
2021-03-22,56521454974,54529.144531,0.0,0.0,0.0,0.0,0.0
2021-03-23,56435023914,54738.945313,0.0,0.0,0.0,0.0,0.0
2021-03-24,70567223787,52774.265625,0.0,0.0,0.0,0.0,1.0
2021-03-25,67999812841,51704.160156,0.0,0.0,0.0,0.0,0.0
2021-03-26,56652197978,55137.3125,0.0,0.0,0.0,0.0,0.0
2021-03-27,47266542233,55973.511719,0.0,0.0,0.0,0.0,0.0
2021-03-28,47686580918,55950.746094,0.0,0.0,0.0,0.0,0.0
2021-03-29,57625587027,57750.199219,0.0,0.0,0.0,0.0,0.0
2021-03-30,54414116432,58917.691406,0.0,0.0,0.0,0.0,0.0
2021-03-31,65520826225,58918.832031,0.0,0.0,0.0,0.0,0.0
2021-04-01,61669163792,59095.808594,0.0,0.0,0.0,0.0,0.0
2021-04-02,58727860620,59384.3125,0.0,0.0,0.0,0.0,0.0
2021-04-03,59641344484,57603.890625,0.0,0.0,0.0,0.0,0.0
2021-04-04,50749662970,58758.554688,0.0,0.0,0.0,0.0,0.0
2021-04-05,60706272115,59057.878906,1502.0,0.06384697964042171,0.22709728609162697,0.1384820239680426,0.0
2021-04-06,66058027988,58192.359375,2666.0,0.0682824094822407,0.22396409505514905,0.17104276069017255,0.0
2021-04-07,75645303584,56048.9375,3000.0,0.08458149346024346,0.24563336247857082,0.18066666666666667,0.0
2021-04-08,53053855641,58323.953125,2599.0,0.07031473768632292,0.24618875248203836,0.16429395921508272,0.0
2021-04-09,46655208546,58245.003906,2470.0,0.05541943619246251,0.2212201202793308,0.15303643724696356,0.0
2021-04-10,58238470525,59793.234375,2698.0,0.07854088907962148,0.2328319648085215,0.21052631578947367,0.0
2021-04-11,46280252580,60204.964844,1373.0,0.072315037172102,0.24522701756041157,0.17479970866715222,0.0
2021-04-12,51828688519,59893.453125,1299.0,0.07013161748438886,0.24944680764734653,0.2178598922247883,0.0
2021-04-13,69983454362,63503.457031,0.0,0.0,0.0,0.0,0.0
2021-04-14,77451779687,63109.695313,0.0,0.0,0.0,0.0,0.0
2021-04-15,60954381579,63314.011719,0.0,0.0,0.0,0.0,0.0
2021-04-16,84293007468,61572.789063,0.0,0.0,0.0,0.0,0.0
2021-04-17,66138759198,60683.820313,296.0,0.09809006084006085,0.2526331583206583,0.3310810810810811,0.0
2021-04-18,97468872758,56216.183594,4315.0,0.0809642590005775,0.2898627881575407,0.26280417149478563,0.0
2021-04-19,65344865159,55724.265625,3735.0,0.07651681965959074,0.2865325138407133,0.27041499330655955,0.0
2021-04-20,67849323955,56473.03125,3941.0,0.08138904850611905,0.2923288917445857,0.25907130170007614,0.0
2021-04-21,54926612466,53906.089844,3924.0,0.07556096995643469,0.3031634543909873,0.26783893985728846,0.0
2021-04-22,74798630778,51762.273438,4706.0,0.09417914895991325,0.30300336102274544,0.3123671908202295,0.0
2021-04-23,86668667320,51093.652344,5344.0,0.08851060821292457,0.30369916766600297,0.30220808383233533,0.0
2021-04-24,49014494781,50050.867188,3432.0,0.09937886917175337,0.2929198821360618,0.3307109557109557,0.0
2021-04-25,46117114240,49004.253906,0.0,0.0,0.0,0.0,0.0
2021-04-26,58284039825,54021.753906,0.0,0.0,0.0,0.0,0.0
2021-04-27,49448222757,55033.117188,0.0,0.0,0.0,0.0,0.0
2021-04-28,48000572955,54824.703125,0.0,0.0,0.0,0.0,0.0
2021-04-29,46088929780,53555.109375,0.0,0.0,0.0,0.0,0.0
2021-04-30,52395931985,57750.175781,0.0,0.0,0.0,0.0,0.0
2021-05-01,42836427360,57828.050781,0.0,0.0,0.0,0.0,0.0
2021-05-02,38177405335,56631.078125,0.0,0.0,0.0,0.0,0.0
2021-05-03,51713139031,57200.292969,0.0,0.0,0.0,0.0,0.0
2021-05-04,68564706967,53333.539063,0.0,0.0,0.0,0.0,0.0
2021-05-05,69241316747,57424.007813,0.0,0.0,0.0,0.0,0.0
2021-05-06,69523285106,56396.515625,0.0,0.0,0.0,0.0,0.0
2021-05-07,68434023376,57356.402344,0.0,0.0,0.0,0.0,0.0
2021-05-08,65382980634,58803.777344,0.0,0.0,0.0,0.0,0.0
2021-05-09,65906690347,58232.316406,0.0,0.0,0.0,0.0,0.0
2021-05-10,71776546298,55859.796875,0.0,0.0,0.0,0.0,1.0
2021-05-11,61308396325,56704.574219,0.0,0.0,0.0,0.0,0.0
2021-05-12,75215403907,49150.535156,0.0,0.0,0.0,0.0,0.0
2021-05-13,96721152926,49716.191406,0.0,0.0,0.0,0.0,0.0
2021-05-14,55737497453,49880.535156,0.0,0.0,0.0,0.0,-1.0
2021-05-15,59161047474,46760.1875,0.0,0.0,0.0,0.0,0.0
2021-05-16,64047871555,46456.058594,0.0,0.0,0.0,0.0,0.0
2021-05-17,74903638450,43537.511719,0.0,0.0,0.0,0.0,0.0
2021-05-18,56187365084,42909.402344,0.0,0.0,0.0,0.0,0.0
2021-05-19,126358098747,37002.441406,0.0,0.0,0.0,0.0,0.0
2021-05-20,88281943359,40782.738281,0.0,0.0,0.0,0.0,1.0
2021-05-21,82051616861,37304.691406,0.0,0.0,0.0,0.0,0.0
2021-05-22,57377273240,37536.632813,0.0,0.0,0.0,0.0,1.0
2021-05-23,78469274361,34770.582031,0.0,0.0,0.0,0.0,0.0
2021-05-24,67359584098,38705.980469,0.0,0.0,0.0,0.0,0.0
2021-05-25,56211915803,38402.222656,2499.0,0.09617211931987485,0.31545414744689454,0.3329331732693077,1.0
2021-05-26,51346735160,39294.199219,4400.0,0.09894791339522671,0.2989085069479733,0.35363636363636364,0.0
2021-05-27,43210968721,38436.96875,3882.0,0.1056488479034847,0.30022579604383437,0.3405461102524472,0.0
2021-05-28,55200191952,35697.605469,4674.0,0.08774118420458356,0.30980267626442515,0.2573812580231066,0.0
2021-05-29,45231013335,34616.066406,3888.0,0.06794008454761322,0.3070863552380445,0.2265946502057613,0.0
2021-05-30,31646080921,35678.128906,0.0,0.0,0.0,0.0,0.0
2021-05-31,39009847639,37332.855469,0.0,0.0,0.0,0.0,0.0
2021-06-01,34639423297,36684.925781,0.0,0.0,0.0,0.0,0.0
2021-06-02,33070867190,37575.179688,0.0,0.0,0.0,0.0,0.0
2021-06-03,35460750427,39208.765625,0.0,0.0,0.0,0.0,0.0
2021-06-04,41831090187,36894.40625,0.0,0.0,0.0,0.0,-1.0
2021-06-05,35959473399,35551.957031,0.0,0.0,0.0,0.0,1.0
2021-06-06,28913440585,35862.378906,0.0,0.0,0.0,0.0,0.0
2021-06-07,33683936663,33560.707031,0.0,0.0,0.0,0.0,0.0
2021-06-08,49902050442,33472.632813,0.0,0.0,0.0,0.0,0.0
2021-06-09,53972919008,37345.121094,0.0,0.0,0.0,0.0,0.0
2021-06-10,43576032854,36702.597656,0.0,0.0,0.0,0.0,0.0
2021-06-11,38699736985,37334.398438,0.0,0.0,0.0,0.0,0.0
2021-06-12,37924228550,35552.515625,0.0,0.0,0.0,0.0,0.0
2021-06-13,40669112838,39097.859375,0.0,0.0,0.0,0.0,0.0
2021-06-14,43148914673,40218.476563,0.0,0.0,0.0,0.0,1.0
2021-06-15,46420149185,40406.269531,0.0,0.0,0.0,0.0,0.0
2021-06-16,39211635100,38347.0625,0.0,0.0,0.0,0.0,0.0
2021-06-17,37096670047,38053.503906,0.0,0.0,0.0,0.0,0.0
2021-06-18,36200887275,35787.246094,0.0,0.0,0.0,0.0,0.0
2021-06-19,31207279719,35615.871094,0.0,0.0,0.0,0.0,0.0
2021-06-20,36664034054,35698.296875,7478.0,0.11303412311973973,0.317710215115369,0.28282963359186947,0.0
2021-06-21,52809038594,31676.693359,35161.0,0.09211453858450583,0.3090942010089579,0.24259833338073433,0.0
2021-06-22,58964353058,32505.660156,40827.0,0.09219804196982727,0.30573683177384864,0.2539495921816445,0.0
2021-06-23,46317108925,33723.027344,24616.0,0.11673762636609247,0.3199212563134733,0.28599285017874554,0.0
2021-06-24,33123368116,34662.4375,0.0,0.0,0.0,0.0,0.0
2021-06-25,40230904226,31637.779297,0.0,0.0,0.0,0.0,0.0
2021-06-26,38585385521,32186.277344,0.0,0.0,0.0,0.0,0.0
2021-06-27,35511640894,34649.644531,0.0,0.0,0.0,0.0,0.0
2021-06-28,33892523752,34434.335938,0.0,0.0,0.0,0.0,0.0
2021-06-29,37901460044,35867.777344,0.0,0.0,0.0,0.0,0.0
2021-06-30,34059036099,35040.835938,0.0,0.0,0.0,0.0,0.0
2021-07-01,37838957079,33572.117188,0.0,0.0,0.0,0.0,0.0
2021-07-02,38728974942,33897.046875,15404.0,0.13160243187087328,0.3302520388365179,0.31219163853544535,0.0
2021-07-03,24383958643,34668.546875,20210.0,0.12215261705069395,0.31481005100782483,0.306580900544285,0.0
2021-07-04,24924307911,35287.78125,19822.0,0.1406072238482223,0.3171948541818086,0.3252951266269801,0.0
2021-07-05,26721554282,33746.003906,22240.0,0.142071315716295,0.3224310910896776,0.33880395683453235,0.0
2021-07-06,26501259870,34235.195313,0.0,0.0,0.0,0.0,0.0
2021-07-07,24796027477,33855.328125,0.0,0.0,0.0,0.0,0.0
2021-07-08,29910396946,32877.371094,0.0,0.0,0.0,0.0,0.0
2021-07-09,27436021028,33798.011719,0.0,0.0,0.0,0.0,0.0
2021-07-10,22971873468,33520.519531,0.0,0.0,0.0,0.0,0.0
2021-07-11,20108729370,34240.1875,0.0,0.0,0.0,0.0,0.0
2021-07-12,24321499537,33155.847656,0.0,0.0,0.0,0.0,0.0
2021-07-13,19120856669,32702.025391,0.0,0.0,0.0,0.0,0.0
2021-07-14,21376531210,32822.347656,0.0,0.0,0.0,0.0,0.0
2021-07-15,21300524237,31780.730469,0.0,0.0,0.0,0.0,0.0
2021-07-16,23699476918,31421.539063,1101.0,0.08911291836632436,0.31221068297430693,0.2779291553133515,0.0
2021-07-17,18895018942,31533.068359,13002.0,0.11545652020737585,0.32210190897681285,0.31325949853868634,0.0
2021-07-18,18787986667,31796.810547,18771.0,0.11080959509477427,0.3200158164114287,0.2703638591444249,0.0
2021-07-19,20434789545,30817.832031,23003.0,0.10491947333915229,0.3075449833655937,0.28305003695170194,0.0
2021-07-20,23148267245,29807.347656,27327.0,0.09551449355580735,0.3081639593438828,0.2684158524536173,0.0
2021-07-21,28203024559,32110.693359,33502.0,0.09656709180896195,0.3103129935152898,0.2670586830636977,0.0
2021-07-22,19555230518,32313.105469,25448.0,0.12091718284085642,0.32226555012745056,0.31731373781829614,0.0
2021-07-23,22552046192,33581.550781,38104.0,0.13924926862447365,0.3246387320215824,0.3353191266008818,0.0
2021-07-24,21664706865,34292.445313,26697.0,0.119059949156223,0.3145315332139694,0.3289133610518036,0.0
2021-07-25,20856685287,35350.1875,9608.0,0.12389510040326789,0.32603915745710904,0.34159034138218153,0.0
2021-07-26,51022126212,37337.535156,25514.0,0.07301152002543314,0.24139026285084708,0.2126283608998981,0.0
2021-07-27,35097370560,39406.941406,12252.0,0.13057222520765938,0.3291295766924061,0.3382304929807378,0.0
2021-07-28,38702404695,39995.90625,13697.0,0.11124093282020396,0.3264921082998438,0.2890413959261152,0.0
2021-07-29,27167146027,40008.421875,11996.0,0.11003980362483941,0.31195895701089993,0.30026675558519506,0.0
2021-07-30,33072782960,42235.546875,32598.0,0.0982817248588804,0.3066776027876958,0.2760598809742929,0.0
2021-07-31,25802845343,41626.195313,0.0,0.0,0.0,0.0,0.0
2021-08-01,26688438115,39974.894531,0.0,0.0,0.0,0.0,0.0
2021-08-02,25595265436,39201.945313,0.0,0.0,0.0,0.0,0.0
2021-08-03,26189830450,38152.980469,0.0,0.0,0.0,0.0,0.0
2021-08-04,25372562724,39747.503906,1506.0,0.09568060191835329,0.31559107767237154,0.2915006640106242,0.0
2021-08-05,35185031017,40869.554688,10990.0,0.10228055094077128,0.31214906528824865,0.29772520473157416,0.0
2021-08-06,38226483046,42816.5,13971.0,0.12129908259839062,0.314567080924855,0.3223820771598311,0.0
2021-08-07,40030862141,44555.800781,11384.0,0.10274349290355073,0.3045497665089987,0.31289529163738583,0.0
2021-08-08,36302664750,43798.117188,29399.0,0.1256011254910358,0.3148572055404592,0.3189564270893568,0.0
2021-08-09,38734079049,46365.402344,41704.0,0.11692463598038988,0.3035624213621414,0.3183147899482064,0.0
2021-08-10,33546019517,45585.03125,0.0,0.0,0.0,0.0,0.0
2021-08-11,34319709073,45593.636719,0.0,0.0,0.0,0.0,0.0
2021-08-12,33723620826,44428.289063,0.0,0.0,0.0,0.0,0.0
2021-08-13,31744259539,47793.320313,0.0,0.0,0.0,0.0,0.0
2021-08-14,31211354442,47096.945313,11187.0,0.16353965675815654,0.3614406432322317,0.3880396889246447,0.0
2021-08-15,30988958446,47047.003906,23555.0,0.11591060189780739,0.3097533940445556,0.30897898535342816,0.0
2021-08-16,32776876610,46004.484375,26155.0,0.11187098335928955,0.3140041189765923,0.30961575224622445,0.0
2021-08-17,33451362600,44695.359375,26735.0,0.11272656555530464,0.3181130213648632,0.3098933981671966,0.0
2021-08-18,32194123075,44801.1875,28667.0,0.11500450447387214,0.3075794801273494,0.30679875815397495,0.0
2021-08-19,37204312299,46717.578125,28714.0,0.11697621307180638,0.30988699110472406,0.31608274709201084,0.0
2021-08-20,34706867452,49339.175781,34213.0,0.12571733422809767,0.3058360127160159,0.33230058749598107,0.0
2021-08-21,40585205312,48905.492188,9238.0,0.1272313319891104,0.30793497521436664,0.34910153712924874,0.0
2021-08-22,25370975378,49321.652344,0.0,0.0,0.0,0.0,0.0
2021-08-23,34305053719,49546.148438,8815.0,0.11687825179008328,0.3044476540282968,0.31264889393079975,0.0
2021-08-24,35361168834,47706.117188,21501.0,0.1117111701137059,0.3002778657047994,0.3206827589414446,0.0
2021-08-25,32646349931,48960.789063,28858.0,0.11192927022646067,0.30764243423022036,0.3277427403146441,0.0
2021-08-26,32666549568,46942.21875,29038.0,0.12464055284283675,0.31519521899379027,0.32901714994145603,0.0
2021-08-27,34511076995,49058.667969,0.0,0.0,0.0,0.0,0.0
2021-08-28,28568103401,48902.402344,0.0,0.0,0.0,0.0,0.0
2021-08-29,25889650240,48829.832031,0.0,0.0,0.0,0.0,0.0
2021-08-30,31847007016,47054.984375,0.0,0.0,0.0,0.0,0.0
2021-08-31,34730363427,47166.6875,0.0,0.0,0.0,0.0,0.0
2021-09-01,39139399125,48847.027344,0.0,0.0,0.0,0.0,0.0
2021-09-02,39508070319,49327.722656,0.0,0.0,0.0,0.0,0.0
2021-09-03,43206179619,50025.375,0.0,0.0,0.0,0.0,0.0
2021-09-04,37471327794,49944.625,0.0,0.0,0.0,0.0,0.0
2021-09-05,30322676319,51753.410156,0.0,0.0,0.0,0.0,0.0
2021-09-06,38884105426,52633.535156,0.0,0.0,0.0,0.0,0.0
2021-09-07,65210059683,46811.128906,0.0,0.0,0.0,0.0,0.0
2021-09-08,49007762488,46091.390625,0.0,0.0,0.0,0.0,0.0
2021-09-09,38672657013,46391.421875,0.0,0.0,0.0,0.0,0.0
2021-09-10,39154666597,44883.910156,19076.0,0.10972083011105259,0.3173919032863487,0.2910987628433634,0.0
2021-09-11,34499835245,45201.457031,0.0,0.0,0.0,0.0,0.0
2021-09-12,27881980161,46063.269531,0.0,0.0,0.0,0.0,0.0
2021-09-13,40969943253,44963.074219,0.0,0.0,0.0,0.0,0.0
2021-09-14,38652152880,47092.492188,0.0,0.0,0.0,0.0,0.0
2021-09-15,30484496466,48176.347656,0.0,0.0,0.0,0.0,0.0
2021-09-16,31764293754,47783.359375,0.0,0.0,0.0,0.0,0.0
2021-09-17,28727713711,47267.519531,0.0,0.0,0.0,0.0,0.0
2021-09-18,28575630451,48278.363281,0.0,0.0,0.0,0.0,0.0
2021-09-19,26967722648,47260.21875,0.0,0.0,0.0,0.0,0.0
2021-09-20,43909845642,42843.800781,0.0,0.0,0.0,0.0,0.0
2021-09-21,48701090088,40693.675781,0.0,0.0,0.0,0.0,0.0
2021-09-22,38139709246,43574.507813,0.0,0.0,0.0,0.0,0.0
2021-09-23,34244064430,44895.097656,0.0,0.0,0.0,0.0,0.0
2021-09-24,42839345714,42839.75,0.0,0.0,0.0,0.0,0.0
2021-09-25,31604717236,42716.59375,0.0,0.0,0.0,0.0,0.0
2021-09-26,30661222077,43208.539063,0.0,0.0,0.0,0.0,0.0
2021-09-27,30980029059,42235.730469,0.0,0.0,0.0,0.0,0.0
2021-09-28,30214940550,41034.542969,0.0,0.0,0.0,0.0,0.0
2021-09-29,30602359905,41564.363281,0.0,0.0,0.0,0.0,0.0
2021-09-30,31141681925,43790.894531,0.0,0.0,0.0,0.0,0.0
2021-10-01,42850641582,48116.941406,0.0,0.0,0.0,0.0,0.0
2021-10-02,30614346492,47711.488281,0.0,0.0,0.0,0.0,0.0
2021-10-03,26638115879,48199.953125,0.0,0.0,0.0,0.0,0.0
2021-10-04,33383173002,49112.902344,0.0,0.0,0.0,0.0,0.0
2021-10-05,35873904236,51514.8125,0.0,0.0,0.0,0.0,0.0
2021-10-06,49034730168,55361.449219,0.0,0.0,0.0,0.0,0.0
2021-10-07,36807860413,53805.984375,0.0,0.0,0.0,0.0,0.0
2021-10-08,34800873924,53967.847656,0.0,0.0,0.0,0.0,0.0
2021-10-09,32491211414,54968.222656,0.0,0.0,0.0,0.0,0.0
2021-10-10,39527792364,54771.578125,0.0,0.0,0.0,0.0,0.0
2021-10-11,42637331698,57484.789063,0.0,0.0,0.0,0.0,0.0
2021-10-12,41083758949,56041.058594,0.0,0.0,0.0,0.0,0.0
2021-10-13,41684252783,57401.097656,0.0,0.0,0.0,0.0,0.0
2021-10-14,36615791366,57321.523438,0.0,0.0,0.0,0.0,0.0
2021-10-15,51780081801,61593.949219,0.0,0.0,0.0,0.0,0.0
2021-10-16,34250964237,60892.179688,0.0,0.0,0.0,0.0,0.0
2021-10-17,29032367511,61553.617188,0.0,0.0,0.0,0.0,0.0
2021-10-18,38055562075,62026.078125,18985.0,0.09815036377941773,0.3115320223891276,0.29165130366078484,0.0
2021-10-19,40471196346,64261.992188,52668.0,0.10438619282551702,0.3020366746146688,0.2995557074504443,0.0
2021-10-20,40788955582,65992.835938,28753.0,0.1055760663686995,0.30772593180319063,0.3276875456474107,0.0
2021-10-21,45908121370,62210.171875,34831.0,0.09844453377140366,0.31121768116207515,0.27375039476328555,0.0
2021-10-22,38434082775,60692.265625,41570.0,0.10465888460581506,0.2977041252928938,0.2821024777483762,0.0
2021-10-23,26882546034,61393.617188,30068.0,0.11169298070366712,0.3031864730075736,0.31748037781029664,0.0
2021-10-24,27316183882,60930.835938,0.0,0.0,0.0,0.0,-1.0
2021-10-25,31064911614,63039.824219,0.0,0.0,0.0,0.0,0.0
2021-10-26,34878965587,60363.792969,0.0,0.0,0.0,0.0,0.0
2021-10-27,43657076893,58482.386719,15710.0,0.09950481898904025,0.28350514575627844,0.29159770846594524,0.0
2021-10-28,45257083247,60622.136719,28896.0,0.10252709588057907,0.2890331557442164,0.30042220376522705,0.0
2021-10-29,36856881767,62227.964844,26880.0,0.11065061028419328,0.2981890370158996,0.30029761904761904,0.0
2021-10-30,32157938616,61888.832031,0.0,0.0,0.0,0.0,0.0
2021-10-31,32241199927,61318.957031,0.0,0.0,0.0,0.0,0.0
2021-11-01,36150572843,61004.40625,0.0,0.0,0.0,0.0,0.0
2021-11-02,37746665647,63226.402344,0.0,0.0,0.0,0.0,1.0
2021-11-03,36124731509,62970.046875,0.0,0.0,0.0,0.0,0.0
2021-11-04,32615846901,61452.230469,19908.0,0.11281635802522237,0.30357028575988737,0.32022302591922847,0.0
2021-11-05,30605102446,61125.675781,27456.0,0.10994774619727726,0.30652717031888815,0.31140734265734266,0.0
2021-11-06,29094934221,61527.480469,33675.0,0.11347364966228313,0.29782335203153687,0.296362286562732,0.0
2021-11-07,24726754302,63326.988281,0.0,0.0,0.0,0.0,0.0
2021-11-08,41125608330,67566.828125,0.0,0.0,0.0,0.0,0.0
2021-11-09,42357991721,66971.828125,0.0,0.0,0.0,0.0,0.0
2021-11-10,48730828378,64995.230469,0.0,0.0,0.0,0.0,0.0
2021-11-11,35880633236,64949.960938,16330.0,0.11337930949559745,0.29837798774362123,0.32051439069197796,0.0
2021-11-12,36084893887,64155.941406,31383.0,0.106019876007388,0.30075004856067483,0.29793200140203296,0.0
2021-11-13,30474228777,64469.527344,0.0,0.0,0.0,0.0,0.0
2021-11-14,25122092191,65466.839844,0.0,0.0,0.0,0.0,0.0
2021-11-15,30558763548,63557.871094,0.0,0.0,0.0,0.0,0.0
2021-11-16,46844335592,60161.246094,0.0,0.0,0.0,0.0,0.0
2021-11-17,39178392930,60368.011719,0.0,0.0,0.0,0.0,0.0
2021-11-18,41388338699,56942.136719,29264.0,0.09041668469737299,0.2785196375641013,0.243234007654456,0.0
2021-11-19,38702407772,58119.578125,43371.0,0.09692253776286781,0.28931696862573775,0.2634018122708722,0.0
2021-11-20,30624264863,59697.195313,0.0,0.0,0.0,0.0,1.0
2021-11-21,26123447605,58730.476563,0.0,0.0,0.0,0.0,0.0
2021-11-22,35036121783,56289.289063,0.0,0.0,0.0,0.0,0.0
2021-11-23,37485803899,57569.074219,0.0,0.0,0.0,0.0,0.0
2021-11-24,36635566789,56280.425781,5385.0,0.09990186696878899,0.2766877637890007,0.25923862581244195,0.0
2021-11-25,34284016248,57274.679688,27034.0,0.11935238836507278,0.30865000742195464,0.31693423096841017,0.0
2021-11-26,41810748221,53569.765625,44799.0,0.09252748222382091,0.3053953140735083,0.24304113931114535,0.0
2021-11-27,30560857714,54815.078125,0.0,0.0,0.0,0.0,0.0
2021-11-28,28116886357,57248.457031,0.0,0.0,0.0,0.0,0.0
2021-11-29,32370840356,57806.566406,0.0,0.0,0.0,0.0,0.0
2021-11-30,36708594618,57005.425781,0.0,0.0,0.0,0.0,0.0
2021-12-01,36858195307,57229.828125,0.0,0.0,0.0,0.0,0.0
2021-12-02,32379968686,56477.816406,0.0,0.0,0.0,0.0,0.0
2021-12-03,39789134215,53598.246094,0.0,0.0,0.0,0.0,0.0
2021-12-04,61385677469,49200.703125,0.0,0.0,0.0,0.0,0.0
2021-12-05,37198201161,49368.847656,0.0,0.0,0.0,0.0,0.0
2021-12-06,37707308001,50582.625,0.0,0.0,0.0,0.0,0.0
2021-12-07,33676814852,50700.085938,0.0,0.0,0.0,0.0,0.0
2021-12-08,28479699446,50504.796875,0.0,0.0,0.0,0.0,0.0
2021-12-09,29603577251,47672.121094,0.0,0.0,0.0,0.0,0.0
2021-12-10,30966005122,47243.304688,0.0,0.0,0.0,0.0,0.0
2021-12-11,25775869261,49362.507813,5017.0,0.10790124438501207,0.2936393952212758,0.2740681682280247,0.0
2021-12-12,21939223599,50098.335938,0.0,0.0,0.0,0.0,0.0
2021-12-13,32166727776,46737.480469,0.0,0.0,0.0,0.0,0.0
2021-12-14,34638619079,46612.632813,0.0,0.0,0.0,0.0,0.0
2021-12-15,36541828520,48896.722656,0.0,0.0,0.0,0.0,0.0
2021-12-16,27268150947,47665.425781,0.0,0.0,0.0,0.0,0.0
2021-12-17,32902725329,46202.144531,17120.0,0.12561796065886624,0.3330954875116184,0.36641355140186915,0.0
2021-12-18,26098292690,46848.777344,0.0,0.0,0.0,0.0,0.0
2021-12-19,25154053861,46707.015625,0.0,0.0,0.0,0.0,0.0
2021-12-20,30961902129,46880.277344,0.0,0.0,0.0,0.0,0.0
2021-12-21,27055803928,48936.613281,0.0,0.0,0.0,0.0,0.0
2021-12-22,24447979559,48628.511719,0.0,0.0,0.0,0.0,0.0
2021-12-23,28223878108,50784.539063,0.0,0.0,0.0,0.0,0.0
2021-12-24,24367912228,50822.195313,0.0,0.0,0.0,0.0,0.0
2021-12-25,19030650914,50429.859375,0.0,0.0,0.0,0.0,0.0
2021-12-26,20964372926,50809.515625,0.0,0.0,0.0,0.0,0.0
2021-12-27,24324345758,50640.417969,0.0,0.0,0.0,0.0,0.0
2021-12-28,33430376883,47588.855469,0.0,0.0,0.0,0.0,0.0
2021-12-29,30049226299,46444.710938,3054.0,0.10990696094539999,0.2895825196211224,0.27897838899803534,0.0
2021-12-30,26686491018,47178.125,20444.0,0.10642639479155475,0.32040355335011905,0.31446879279984347,0.0
2021-12-31,36974172400,46306.445313,0.0,0.0,0.0,0.0,0.0
2022-01-01,24582667004,47686.8125,0.0,0.0,0.0,0.0,0.0
2022-01-02,27951569547,47345.21875,0.0,0.0,0.0,0.0,0.0
2022-01-03,33071628362,46458.117188,0.0,0.0,0.0,0.0,0.0
2022-01-04,42494677905,45897.574219,0.0,0.0,0.0,0.0,0.0
2022-01-05,36851084859,43569.003906,0.0,0.0,0.0,0.0,0.0
2022-01-06,30208048289,43160.929688,0.0,0.0,0.0,0.0,0.0
2022-01-07,84196607520,41557.902344,0.0,0.0,0.0,0.0,0.0
2022-01-08,28066355845,41733.941406,0.0,0.0,0.0,0.0,0.0
2022-01-09,21294384372,41911.601563,0.0,0.0,0.0,0.0,0.0
2022-01-10,32104232331,41821.261719,0.0,0.0,0.0,0.0,0.0
2022-01-11,26327648900,42735.855469,9354.0,0.12080116730033877,0.316928126085931,0.38422065426555485,0.0
2022-01-12,33499938689,43949.101563,33016.0,0.12220400542791121,0.31141869192416344,0.40586382360067846,0.0
2022-01-13,47691135082,42591.570313,31981.0,0.11331836063422285,0.30969987662135595,0.35467934085863484,0.0
2022-01-14,23577403399,43099.699219,22713.0,0.13517399408913514,0.3116486594640265,0.34623343459692685,0.0
2022-01-15,18371348298,43177.398438,0.0,0.0,0.0,0.0,0.0
2022-01-16,17902097845,43113.878906,0.0,0.0,0.0,0.0,0.0
2022-01-17,21690904261,42250.550781,0.0,0.0,0.0,0.0,0.0
2022-01-18,22417209227,42375.632813,0.0,0.0,0.0,0.0,0.0
2022-01-19,23091543258,41744.328125,2952.0,0.10562622920599353,0.271404698198591,0.2882791327913279,0.0
2022-01-20,20382033940,40680.417969,17381.0,0.11710683041682511,0.3152211630974999,0.3154594097002474,0.0
2022-01-21,43011992031,36457.316406,28432.0,0.09249056287562311,0.3263428930109166,0.2547833427124367,-1.0
2022-01-22,39714385405,35030.25,59645.0,0.10712118050522929,0.31407016625721423,0.30368010730153405,0.0
2022-01-23,26017975951,36276.804688,0.0,0.0,0.0,0.0,0.0
2022-01-24,41856658597,36654.328125,0.0,0.0,0.0,0.0,0.0
2022-01-25,26428189594,36954.003906,0.0,0.0,0.0,0.0,0.0
2022-01-26,31324598034,36852.121094,0.0,0.0,0.0,0.0,0.0
2022-01-27,25041426629,37138.234375,0.0,0.0,0.0,0.0,0.0
2022-01-28,22238830523,37784.332031,0.0,0.0,0.0,0.0,0.0
2022-01-29,17194183075,38138.179688,0.0,0.0,0.0,0.0,0.0
2022-01-30,14643548444,37917.601563,0.0,0.0,0.0,0.0,0.0
2022-01-31,20734730465,38483.125,0.0,0.0,0.0,0.0,0.0
2022-02-01,20288500328,38743.273438,0.0,0.0,0.0,0.0,0.0
2022-02-02,19155189416,36952.984375,0.0,0.0,0.0,0.0,0.0
2022-02-03,18591534769,37154.601563,0.0,0.0,0.0,0.0,0.0
2022-02-04,29412210792,41500.875,0.0,0.0,0.0,0.0,0.0
2022-02-05,19652846215,41441.164063,0.0,0.0,0.0,0.0,0.0
2022-02-06,16142097334,42412.433594,0.0,0.0,0.0,0.0,0.0
2022-02-07,28641855926,43840.285156,0.0,0.0,0.0,0.0,0.0
2022-02-08,33079398868,44118.445313,0.0,0.0,0.0,0.0,0.0
2022-02-09,23245887300,44338.796875,18845.0,0.10735497337231847,0.30990588869803654,0.3259750596975325,0.0
2022-02-10,32142048537,43565.113281,0.0,0.0,0.0,0.0,0.0
2022-02-11,26954925781,42407.9375,0.0,0.0,0.0,0.0,0.0
2022-02-12,18152390304,42244.46875,0.0,0.0,0.0,0.0,0.0
2022-02-13,14741589015,42197.515625,0.0,0.0,0.0,0.0,0.0
2022-02-14,20827783012,42586.917969,4212.0,0.10862771478390967,0.2981016272037504,0.2849002849002849,0.0
2022-02-15,22721659051,44575.203125,6002.0,0.10918525925312503,0.27685466914786905,0.31472842385871375,0.0
2022-02-16,19792547657,43961.859375,2564.0,0.08655941976315416,0.2518147066070233,0.2421996879875195,0.0
2022-02-17,26246662813,40538.011719,12800.0,0.10280644434452445,0.2933566723195914,0.302109375,0.0
2022-02-18,23310007704,40030.976563,13611.0,0.11115677346935283,0.31865579784953685,0.2980677393284843,0.0
2022-02-19,13736557863,40122.15625,0.0,0.0,0.0,0.0,0.0
2022-02-20,18340576452,38431.378906,0.0,0.0,0.0,0.0,0.0
2022-02-21,29280402798,37075.28125,0.0,0.0,0.0,0.0,0.0
2022-02-22,25493150450,38286.027344,0.0,0.0,0.0,0.0,0.0
2022-02-23,21849073843,37296.570313,0.0,0.0,0.0,0.0,0.0
2022-02-24,46383802093,38332.609375,0.0,0.0,0.0,0.0,0.0
2022-02-25,26545599159,39214.21875,0.0,0.0,0.0,0.0,0.0
2022-02-26,17467554129,39105.148438,0.0,0.0,0.0,0.0,0.0
2022-02-27,23450127612,37709.785156,0.0,0.0,0.0,0.0,0.0
2022-02-28,35690014104,43193.234375,0.0,0.0,0.0,0.0,0.0
2022-03-01,32479047645,44354.636719,0.0,0.0,0.0,0.0,0.0
2022-03-02,29183112630,43924.117188,6018.0,0.10445832657434459,0.30085848146112293,0.3002658690594882,0.0
2022-03-03,24967782593,42451.789063,0.0,0.0,0.0,0.0,0.0
2022-03-04,28516271427,39137.605469,0.0,0.0,0.0,0.0,0.0
2022-03-05,16975917450,39400.585938,0.0,0.0,0.0,0.0,0.0
2022-03-06,19745229902,38419.984375,5452.0,0.0884110248785761,0.26972728731268847,0.24247982391782832,0.0
2022-03-07,28546143503,38062.039063,16194.0,0.086679630430211,0.271056703892188,0.2289736939607262,0.0
2022-03-08,25776583476,38737.269531,3993.0,0.09119761111500226,0.27494493846215157,0.28174305033809166,0.0
2022-03-09,32284121034,41982.925781,10771.0,0.08950312918647203,0.27045700823469665,0.24463838083743386,0.0
2022-03-10,31078064711,39437.460938,24094.0,0.094585772550374,0.27307278627187725,0.2540466506184112,0.0
2022-03-11,26364890465,38794.972656,0.0,0.0,0.0,0.0,0.0
2022-03-12,14616450657,38904.011719,0.0,0.0,0.0,0.0,0.0
2022-03-13,17300745310,37849.664063,0.0,0.0,0.0,0.0,0.0
2022-03-14,24322159070,39666.753906,2568.0,0.08240885919960102,0.26508614258959856,0.23286604361370716,0.3333333333333333
2022-03-15,23934000868,39338.785156,22387.0,0.10886771958928035,0.28783110739961254,0.27694644213159425,0.0
2022-03-16,39616916192,41143.929688,32084.0,0.1126935937301284,0.2795918142607309,0.2842226655030545,0.0
2022-03-17,22009601093,40951.378906,16576.0,0.1199602703172614,0.2881719604751364,0.28197393822393824,0.0
2022-03-18,34421564942,41801.15625,15395.0,0.1112148203112164,0.2896677887255562,0.28275414095485546,0.0
2022-03-19,19664853187,42190.652344,10756.0,0.11514850068803843,0.300664584230139,0.344644849386389,0.0
2022-03-20,20127946682,41247.824219,13068.0,0.13410054261131046,0.3067031757707208,0.3487909397000306,0.0
2022-03-21,24615543271,41077.996094,20386.0,0.1261424222932957,0.3135696179290803,0.3363092318257628,0.0
2022-03-22,32004652376,42358.808594,65.0,0.0664042069042069,0.2655248362748363,0.2153846153846154,0.0
2022-03-23,25242943069,42892.957031,18390.0,0.1209443878550536,0.3104445436822845,0.33295269168026104,0.0
2022-03-24,31042992291,43960.933594,41203.0,0.10541171743704002,0.28793921287450625,0.30000242700774216,0.0
2022-03-25,30574413034,44348.730469,0.0,0.0,0.0,0.0,0.0
2022-03-26,16950455995,44500.828125,0.0,0.0,0.0,0.0,-1.0
2022-03-27,28160889722,46820.492188,0.0,0.0,0.0,0.0,0.0
2022-03-28,36362175703,47128.003906,0.0,0.0,0.0,0.0,0.0
2022-03-29,31397059069,47465.730469,0.0,0.0,0.0,0.0,0.0
2022-03-30,29333883962,47062.664063,0.0,0.0,0.0,0.0,0.0
2022-03-31,33327427106,45538.675781,0.0,0.0,0.0,0.0,0.0
2022-04-01,38162644287,46281.644531,0.0,0.0,0.0,0.0,0.0
2022-04-02,29336594194,45868.949219,0.0,0.0,0.0,0.0,0.0
2022-04-03,25414397610,46453.566406,0.0,0.0,0.0,0.0,0.0
2022-04-04,32499785455,46622.675781,0.0,0.0,0.0,0.0,0.0
2022-04-05,29640604055,45555.992188,0.0,0.0,0.0,0.0,0.0
2022-04-06,39393395788,43206.738281,0.0,0.0,0.0,0.0,0.0
2022-04-07,26101973106,43503.847656,0.0,0.0,0.0,0.0,0.0
2022-04-08,27215995394,42287.664063,0.0,0.0,0.0,0.0,0.0
2022-04-09,16050772496,42782.136719,0.0,0.0,0.0,0.0,1.0
2022-04-10,17654475582,42207.671875,0.0,0.0,0.0,0.0,0.0
2022-04-11,33949912166,39521.902344,0.0,0.0,0.0,0.0,0.0
2022-04-12,30991500854,40127.183594,0.0,0.0,0.0,0.0,0.0
2022-04-13,27691105228,41166.730469,13188.0,0.11629980350251823,0.30409085443954265,0.3013345465574765,0.0
2022-04-14,24342001973,39935.515625,20384.0,0.12056395522840245,0.301679216142476,0.30106946624803765,0.0
2022-04-15,21756855753,40553.464844,31448.0,0.13456823680948596,0.31805528567003466,0.344854998728059,0.0
2022-04-16,16833150693,40424.484375,33868.0,0.1418485802274091,0.32018797952586037,0.36119640959017363,0.0
2022-04-17,19087633042,39716.953125,7150.0,0.12305940505030914,0.34665802826608766,0.29104895104895107,0.0
2022-04-18,33705182072,40826.214844,42021.0,0.1344144353124013,0.3339310529004229,0.31058280383617715,0.0
2022-04-19,25303206547,41502.75,40323.0,0.14926999296281937,0.3293761069236669,0.35905066587307494,0.0
2022-04-20,27819532341,41374.378906,9011.0,0.14546518441173883,0.3164667655242726,0.3059593829763622,0.0
2022-04-21,35372786395,40527.363281,23719.0,0.12478012971199229,0.31577906373514175,0.2918757114549517,0.0
2022-04-22,28011716745,39740.320313,29675.0,0.13400975308039234,0.3152623732432792,0.29924178601516427,0.0
2022-04-23,16138021249,39486.730469,0.0,0.0,0.0,0.0,-1.0
2022-04-24,17964398167,39469.292969,0.0,0.0,0.0,0.0,0.0
2022-04-25,35445730570,40458.308594,0.0,0.0,0.0,0.0,0.0
2022-04-26,34569088416,38117.460938,0.0,0.0,0.0,0.0,0.0
2022-04-27,30981015184,39241.121094,1506.0,0.0816031052557447,0.30877869564771954,0.22177954847277556,0.0
2022-04-28,33903704907,39773.828125,18390.0,0.10197586097856286,0.3032241948387005,0.26541598694942903,0.0
2022-04-29,30882994649,38609.824219,15892.0,0.10674926916065146,0.3074868305704637,0.26025673294739493,0.0
2022-04-30,23895713731,37714.875,27950.0,0.14169577198595845,0.32984862578185115,0.33806797853309484,0.0
2022-05-01,27002760110,38469.09375,36346.0,0.13222171120438386,0.33477966273782206,0.31323942111924286,0.0
2022-05-02,32922642426,38529.328125,29793.0,0.12462067408293674,0.3280201348115399,0.2976873762293156,0.0
2022-05-03,27326943244,37750.453125,0.0,0.0,0.0,0.0,0.0
2022-05-04,36754404490,39698.371094,0.0,0.0,0.0,0.0,0.0
2022-05-05,43106256317,36575.140625,0.0,0.0,0.0,0.0,0.0
2022-05-06,37795577489,36040.921875,0.0,0.0,0.0,0.0,0.0
2022-05-07,24375896406,35501.953125,0.0,0.0,0.0,0.0,0.0
2022-05-08,36763041910,34059.265625,0.0,0.0,0.0,0.0,0.0
2022-05-09,63355494961,30296.953125,0.0,0.0,0.0,0.0,0.0
2022-05-10,59811038817,31022.90625,11663.0,0.1068422856850332,0.3010766980701828,0.2573951813427077,0.0
2022-05-11,70388855818,28936.355469,16662.0,0.08537597401241633,0.29863755899092403,0.21468011043092067,0.0
2022-05-12,66989173272,29047.751953,39251.0,0.0841583982735454,0.29923589468117484,0.21375251585946856,0.0
2022-05-13,42841124537,29283.103516,35424.0,0.09499300073853166,0.29713700499134005,0.23918812104787715,0.0
2022-05-14,28579868620,30101.265625,0.0,0.0,0.0,0.0,0.0
2022-05-15,25835372065,31305.113281,0.0,0.0,0.0,0.0,0.0
2022-05-16,32613897286,29862.917969,0.0,0.0,0.0,0.0,0.0
2022-05-17,29101473475,30425.857422,0.0,0.0,0.0,0.0,0.0
2022-05-18,31285268319,28720.271484,0.0,0.0,0.0,0.0,0.0
2022-05-19,33773447707,30314.333984,0.0,0.0,0.0,0.0,0.0
2022-05-20,30749382605,29200.740234,0.0,0.0,0.0,0.0,0.0
2022-05-21,17274840442,29432.226563,0.0,0.0,0.0,0.0,0.0
2022-05-22,21631532270,30323.722656,17369.0,0.15517951027071186,0.33319258653531747,0.3629454775749899,0.0
2022-05-23,31483454557,29098.910156,4236.0,0.1200313324592842,0.30928271664929813,0.3087818696883853,0.0
2022-05-24,26616506245,29655.585938,16193.0,0.10526178777818816,0.30458659827458184,0.27419255233742973,0.0
2022-05-25,27525063551,29562.361328,11363.0,0.09299241585245502,0.29046280270558267,0.2495819765906891,0.0
2022-05-26,36774325352,29267.224609,17163.0,0.07822293679229267,0.25910467122914366,0.22041601118685544,0.0
2022-05-27,36582005748,28627.574219,11424.0,0.09038463833115756,0.3016465414568906,0.22435224089635855,0.0
2022-05-28,35519577634,28814.900391,4175.0,0.09551531300179718,0.2978070679995901,0.2474251497005988,0.0
2022-05-29,18093886409,29445.957031,14690.0,0.11981284916005329,0.2929547305367239,0.3027910142954391,0.0
2022-05-30,39277993274,31726.390625,15682.0,0.08322576988400236,0.24424430608296552,0.22420609616120393,0.0
2022-05-31,33538210634,31792.310547,16019.0,0.07781934059798849,0.24565002925730256,0.2091266620887696,0.0
2022-06-01,41135817341,29799.080078,19557.0,0.08650798061174872,0.2650982956241769,0.22130183565986603,0.0
2022-06-02,29083562061,30467.488281,9303.0,0.10023683309953868,0.2807840237003967,0.2637858755240245,0.0
2022-06-03,26175547452,29704.390625,24416.0,0.10040260922399903,0.2900889891196006,0.2907110091743119,0.0
2022-06-04,16588370958,29832.914063,5555.0,0.1641492721396444,0.2874287161140436,0.31287128712871287,0.0
2022-06-05,17264085441,29906.662109,0.0,0.0,0.0,0.0,0.0
2022-06-06,31947336829,31370.671875,0.0,0.0,0.0,0.0,0.0
2022-06-07,40770974039,31155.478516,0.0,0.0,0.0,0.0,0.0
2022-06-08,30242059107,30214.355469,0.0,0.0,0.0,0.0,0.0
2022-06-09,21692004719,30111.998047,0.0,0.0,0.0,0.0,0.0
2022-06-10,29867476527,29083.804688,0.0,0.0,0.0,0.0,0.0
2022-06-11,27246574439,28360.810547,0.0,0.0,0.0,0.0,0.0
2022-06-12,34163220274,26762.648438,0.0,0.0,0.0,0.0,0.0
2022-06-13,68204556440,22487.388672,0.0,0.0,0.0,0.0,0.0
2022-06-14,50913575242,22206.792969,14928.0,0.07572976473549702,0.31655991112241355,0.15387191854233656,0.0
2022-06-15,54912007015,22572.839844,49833.0,0.0794460432278688,0.30275532792540083,0.17305801376597837,0.0
2022-06-16,31183975654,20381.650391,0.0,0.0,0.0,0.0,0.0
2022-06-17,27132421514,20471.482422,14823.0,0.0652404646757119,0.28424972711668156,0.10955946839371247,0.0
2022-06-18,42009436760,19017.642578,28533.0,0.0643676469162939,0.28397469198674863,0.12206918305120387,0.0
2022-06-19,35329942625,20553.271484,12708.0,0.06974985579194165,0.28275554936616126,0.15848284545168398,0.0
2022-06-20,30818458597,20599.537109,0.0,0.0,0.0,0.0,0.0
2022-06-21,28970212744,20710.597656,0.0,0.0,0.0,0.0,0.0
2022-06-22,28574793478,19987.029297,0.0,0.0,0.0,0.0,0.0
2022-06-23,26188097173,21085.876953,23283.0,0.08919405343621191,0.273336158252423,0.23570845681398445,0.0
2022-06-24,24957784918,21231.65625,4491.0,0.0653288902178984,0.22317890169791987,0.14874192830104654,0.0
2022-06-25,18372538715,21502.337891,20750.0,0.09115296918091442,0.2607200208363065,0.23383132530120482,0.0
2022-06-26,18027170497,21027.294922,26707.0,0.09641753588798103,0.271527831890411,0.24663945782004718,0.0
2022-06-27,20965695707,20735.478516,0.0,0.0,0.0,0.0,0.0
2022-06-28,21381535161,20280.634766,7029.0,0.07421828358875214,0.23973608908616867,0.1876511594821454,0.0
2022-06-29,23552740328,20104.023438,28498.0,0.08342004879659903,0.2597423299780063,0.21334830514422065,0.0
2022-06-30,26267239923,19784.726563,0.0,0.0,0.0,0.0,0.0
2022-07-01,30767551159,19269.367188,0.0,0.0,0.0,0.0,0.0
2022-07-02,18100418740,19242.255859,6724.0,0.08451305179213738,0.2636330611237147,0.22992266508030934,0.0
2022-07-03,16390821947,19297.076172,12051.0,0.09427545761602953,0.2810405574358699,0.23234586341382457,0.0
2022-07-04,21594638208,20231.261719,0.0,0.0,0.0,0.0,0.0
2022-07-05,26715546990,20190.115234,0.0,0.0,0.0,0.0,0.0
2022-07-06,24598943708,20548.246094,0.0,0.0,0.0,0.0,0.0
2022-07-07,25814972520,21637.587891,0.0,0.0,0.0,0.0,0.0
2022-07-08,49899834488,21731.117188,0.0,0.0,0.0,0.0,0.0
2022-07-09,29641127858,21592.207031,0.0,0.0,0.0,0.0,0.0
2022-07-10,28688807249,20860.449219,0.0,0.0,0.0,0.0,0.0
2022-07-11,24150249025,19970.556641,5498.0,0.058315403703569205,0.24311099902282735,0.149508912331757,0.0
2022-07-12,25810220018,19323.914063,14978.0,0.06957877132689476,0.25995989255946717,0.19789023901722527,0.0
2022-07-13,33042430345,20212.074219,27983.0,0.07726811891168248,0.2693801078780014,0.21044920130078976,0.0
2022-07-14,31158743333,20569.919922,30479.0,0.09638726362667516,0.28366241842526424,0.26680665376160634,0.0
2022-07-15,25905575359,20836.328125,26941.0,0.09075819832513253,0.26498715755717017,0.24731821387476338,0.0
2022-07-16,24302954056,21190.316406,24785.0,0.08972922231211289,0.26184554733846355,0.23675610248133952,0.0
2022-07-17,22927802083,20779.34375,11625.0,0.08365724678780286,0.2798137907901395,0.20369892473118278,0.0
2022-07-18,39974475562,22485.689453,0.0,0.0,0.0,0.0,0.0
2022-07-19,48765202697,23389.433594,0.0,0.0,0.0,0.0,0.0
2022-07-20,42932549127,23231.732422,0.0,0.0,0.0,0.0,0.0
2022-07-21,33631012204,23164.628906,0.0,0.0,0.0,0.0,0.0
2022-07-22,31421555646,22714.978516,0.0,0.0,0.0,0.0,0.0
2022-07-23,24021799169,22465.478516,0.0,0.0,0.0,0.0,0.0
2022-07-24,23565495303,22609.164063,0.0,0.0,0.0,0.0,0.0
2022-07-25,35574561406,21361.701172,0.0,0.0,0.0,0.0,0.0
2022-07-26,28624673855,21239.753906,0.0,0.0,0.0,0.0,0.0
2022-07-27,31758955233,22930.548828,0.0,0.0,0.0,0.0,0.0
2022-07-28,40212386158,23843.886719,0.0,0.0,0.0,0.0,0.0
2022-07-29,35887249746,23804.632813,0.0,0.0,0.0,0.0,0.0
2022-07-30,28148218301,23656.207031,0.0,0.0,0.0,0.0,0.0
2022-07-31,23553591896,23336.896484,0.0,0.0,0.0,0.0,0.0
2022-08-01,25849159141,23314.199219,0.0,0.0,0.0,0.0,0.0
2022-08-02,28389250717,22978.117188,0.0,0.0,0.0,0.0,0.0
2022-08-03,26288169966,22846.507813,0.0,0.0,0.0,0.0,0.0
2022-08-04,25120229769,22630.957031,0.0,0.0,0.0,0.0,0.0
2022-08-05,28881249043,23289.314453,0.0,0.0,0.0,0.0,0.0
2022-08-06,15978259885,22961.279297,0.0,0.0,0.0,0.0,0.0
2022-08-07,15886817043,23175.890625,0.0,0.0,0.0,0.0,0.0
2022-08-08,28575544847,23809.486328,0.0,0.0,0.0,0.0,0.0
2022-08-09,23555719219,23164.318359,0.0,0.0,0.0,0.0,0.0
2022-08-10,32837431722,23947.642578,0.0,0.0,0.0,0.0,0.0
2022-08-11,37127036580,23957.529297,0.0,0.0,0.0,0.0,0.0
2022-08-12,27265804688,24402.818359,0.0,0.0,0.0,0.0,0.0
2022-08-13,22987346289,24424.068359,0.0,0.0,0.0,0.0,0.0
2022-08-14,22994133555,24319.333984,0.0,0.0,0.0,0.0,0.0
2022-08-15,35123501685,24136.972656,0.0,0.0,0.0,0.0,0.0
2022-08-16,27753685646,23883.291016,0.0,0.0,0.0,0.0,0.0
2022-08-17,30931623076,23335.998047,0.0,0.0,0.0,0.0,0.0
2022-08-18,23747613147,23212.738281,0.0,0.0,0.0,0.0,0.0
2022-08-19,40509610260,20877.552734,0.0,0.0,0.0,0.0,0.0
2022-08-20,27595671000,21166.060547,0.0,0.0,0.0,0.0,0.0
2022-08-21,23102307723,21534.121094,0.0,0.0,0.0,0.0,0.0
2022-08-22,31666498758,21398.908203,0.0,0.0,0.0,0.0,0.0
2022-08-23,31878280659,21528.087891,0.0,0.0,0.0,0.0,0.0
2022-08-24,31962253368,21395.019531,0.0,0.0,0.0,0.0,0.0
2022-08-25,31028679593,21600.904297,0.0,0.0,0.0,0.0,0.0
2022-08-26,42326789564,20260.019531,0.0,0.0,0.0,0.0,0.0
2022-08-27,30116729776,20041.738281,0.0,0.0,0.0,0.0,0.0
2022-08-28,24366810591,19616.814453,0.0,0.0,0.0,0.0,0.0
2022-08-29,32637854078,20297.994141,0.0,0.0,0.0,0.0,0.0
2022-08-30,34483360283,19796.808594,12221.0,0.08168834309295109,0.2827544787034892,0.18239096636936422,0.0
2022-08-31,33225232872,20049.763672,24477.0,0.07685705204527866,0.272606523445154,0.2101564734240307,0.0
2022-09-01,30182031010,20127.140625,25207.0,0.08092041582586017,0.27917440079321415,0.21791565834887133,0.0
2022-09-02,29123998928,19969.771484,25308.0,0.07615563180989769,0.27278970966429195,0.20724672040461514,0.0
2022-09-03,23613051457,19832.087891,12577.0,0.07480549434115893,0.2722638939289614,0.18899578595849567,0.0
2022-09-04,25245861652,19986.712891,5521.0,0.07187455866575203,0.26525855375260243,0.18619815250860353,0.0
2022-09-05,28813460025,19812.371094,0.0,0.0,0.0,0.0,0.0
2022-09-06,43403978910,18837.667969,0.0,0.0,0.0,0.0,0.0
2022-09-07,35239757134,19290.324219,0.0,0.0,0.0,0.0,0.0
2022-09-08,32194477850,19329.833984,0.0,0.0,0.0,0.0,0.0
2022-09-09,48469528171,21381.152344,0.0,0.0,0.0,0.0,0.0
2022-09-10,36913738894,21680.539063,0.0,0.0,0.0,0.0,0.0
2022-09-11,34493951963,21769.255859,8983.0,0.08635244367334546,0.29379277140375487,0.24858065234331514,0.0
2022-09-12,50212088965,22370.449219,24724.0,0.0908037708854234,0.2900916668972007,0.24603624009060024,0.0
2022-09-13,51091116622,20296.707031,26391.0,0.07394001026678958,0.2770240440343039,0.19949982948732523,0.0
2022-09-14,37872380889,20241.089844,30143.0,0.07820327788633537,0.2669853462554291,0.1992502405201871,0.0
2022-09-15,36389011503,19701.210938,0.0,0.0,0.0,0.0,0.0
2022-09-16,30123362273,19772.583984,0.0,0.0,0.0,0.0,0.0
2022-09-17,24957448100,20127.576172,0.0,0.0,0.0,0.0,0.0
2022-09-18,31254779144,19419.505859,0.0,0.0,0.0,0.0,0.0
2022-09-19,40177002624,19544.128906,0.0,0.0,0.0,0.0,0.0
2022-09-20,36791346508,18890.789063,0.0,0.0,0.0,0.0,0.0
2022-09-21,46363793975,18547.400391,0.0,0.0,0.0,0.0,0.0
2022-09-22,41135767926,19413.550781,0.0,0.0,0.0,0.0,0.0
2022-09-23,38896078052,19297.638672,0.0,0.0,0.0,0.0,0.0
2022-09-24,26149643168,18937.011719,0.0,0.0,0.0,0.0,0.0
2022-09-25,23359966112,18802.097656,0.0,0.0,0.0,0.0,0.0
2022-09-26,44148798321,19222.671875,0.0,0.0,0.0,0.0,0.0
2022-09-27,58571439619,19110.546875,0.0,0.0,0.0,0.0,0.0
2022-09-28,53071298734,19426.720703,0.0,0.0,0.0,0.0,0.0
2022-09-29,41037843771,19573.050781,0.0,0.0,0.0,0.0,0.0
2022-09-30,43975248085,19431.789063,0.0,0.0,0.0,0.0,0.0
2022-10-01,18719537670,19312.095703,0.0,0.0,0.0,0.0,0.0
2022-10-02,20765955327,19044.107422,0.0,0.0,0.0,0.0,0.0
2022-10-03,30484729489,19623.580078,0.0,0.0,0.0,0.0,0.0
2022-10-04,35887278685,20336.84375,0.0,0.0,0.0,0.0,0.0
2022-10-05,33223790572,20160.716797,0.0,0.0,0.0,0.0,0.0
2022-10-06,34711412966,19955.443359,0.0,0.0,0.0,0.0,0.0
2022-10-07,29227315390,19546.849609,0.0,0.0,0.0,0.0,0.0
2022-10-08,16437423167,19416.568359,0.0,0.0,0.0,0.0,0.0
2022-10-09,16837262532,19446.425781,8618.0,0.08448748739330122,0.2842290230686527,0.254467393826874,0.0
2022-10-10,27425022774,19141.484375,22218.0,0.07822985025450409,0.28033102884191446,0.2164911333153299,0.0
2022-10-11,28711532910,19051.417969,22488.0,0.07557435682684148,0.2673724753257668,0.22736570615439344,0.0
2022-10-12,24950173846,19157.445313,24103.0,0.07617353457897721,0.2680783627132648,0.22258640003319088,0.0
2022-10-13,44219840004,19382.904297,16283.0,0.08679380644746912,0.2767297987245952,0.22115089356998097,0.0
2022-10-14,38452356727,19185.65625,11316.0,0.07773085139171797,0.28079455298794065,0.20007069635913752,0.0
2022-10-15,16192235532,19067.634766,21244.0,0.07736348832853056,0.27029856010073866,0.21977970250423648,0.0
2022-10-16,17988916650,19268.09375,0.0,0.0,0.0,0.0,0.0
2022-10-17,27472552998,19550.757813,0.0,0.0,0.0,0.0,0.0
2022-10-18,30580012344,19334.416016,0.0,0.0,0.0,0.0,0.0
2022-10-19,22425387184,19139.535156,0.0,0.0,0.0,0.0,0.0
2022-10-20,24493974420,19053.740234,0.0,0.0,0.0,0.0,0.0
2022-10-21,32459287866,19172.46875,0.0,0.0,0.0,0.0,0.0
2022-10-22,16104440957,19208.189453,0.0,0.0,0.0,0.0,0.0
2022-10-23,22128794335,19567.007813,0.0,0.0,0.0,0.0,0.0
2022-10-24,30202235805,19345.572266,0.0,0.0,0.0,0.0,0.0
2022-10-25,47761524910,20095.857422,0.0,0.0,0.0,0.0,0.0
2022-10-26,58895950537,20770.441406,0.0,0.0,0.0,0.0,0.0
2022-10-27,49625110402,20285.835938,0.0,0.0,0.0,0.0,0.0
2022-10-28,43994715910,20595.351563,0.0,0.0,0.0,0.0,0.0
2022-10-29,40369840645,20818.476563,0.0,0.0,0.0,0.0,0.0
2022-10-30,31486345556,20635.603516,0.0,0.0,0.0,0.0,0.0
2022-10-31,45668466815,20495.773438,0.0,0.0,0.0,0.0,0.0
2022-11-01,39819303159,20485.273438,0.0,0.0,0.0,0.0,0.0
2022-11-02,55552169483,20159.503906,0.0,0.0,0.0,0.0,0.0
2022-11-03,43228750179,20209.988281,0.0,0.0,0.0,0.0,0.0
2022-11-04,64072727950,21147.230469,0.0,0.0,0.0,0.0,0.0
2022-11-05,37846047609,21282.691406,0.0,0.0,0.0,0.0,0.0
2022-11-06,35082693210,20926.486328,0.0,0.0,0.0,0.0,0.0
2022-11-07,53510852236,20602.816406,13266.0,0.08837330669210838,0.28694003244372296,0.2538821046283733,0.0
2022-11-08,118992465607,18541.271484,11536.0,0.06200295856489125,0.27226956678471526,0.1704230235783634,0.0
2022-11-09,102905151606,15880.780273,22347.0,0.06703181718451026,0.28834995616781806,0.20705240076967826,0.0
2022-11-10,83202283721,17586.771484,11695.0,0.08889566795095868,0.3012698384622218,0.2543822146216332,0.0
2022-11-11,55871616488,17034.292969,16555.0,0.07051148832095676,0.29382471587321657,0.19800664451827243,1.0
2022-11-12,29717699419,16799.185547,0.0,0.0,0.0,0.0,0.0
2022-11-13,27209183682,16353.365234,5874.0,0.07023645212724758,0.2702993891676577,0.20463057541709226,0.0
2022-11-14,49630243054,16618.199219,12032.0,0.082669257731826,0.300989922084427,0.2533244680851064,-1.0
2022-11-15,36599436183,16884.613281,27395.0,0.0734427964819403,0.29016157792509756,0.2208797225771126,0.0
2022-11-16,33925512989,16669.439453,32774.0,0.0780250982035277,0.27250437883950074,0.2158723378287667,0.0
2022-11-17,27868914022,16687.517578,0.0,0.0,0.0,0.0,0.0
2022-11-18,26862218609,16697.777344,0.0,0.0,0.0,0.0,0.0
2022-11-19,16106223492,16711.546875,0.0,0.0,0.0,0.0,0.0
2022-11-20,21313378652,16291.832031,5374.0,0.06112154878191084,0.24784577035583866,0.1741719389653889,0.0
2022-11-21,37429485518,15787.28418,21633.0,0.07665793973845784,0.2736708907498409,0.21277677622151342,0.0
2022-11-22,30726828760,16189.769531,0.0,0.0,0.0,0.0,0.0
2022-11-23,32958875628,16610.707031,0.0,0.0,0.0,0.0,0.0
2022-11-24,26129037414,16604.464844,0.0,0.0,0.0,0.0,0.0
2022-11-25,18678255976,16521.841797,0.0,0.0,0.0,0.0,0.0
2022-11-26,18000008764,16464.28125,0.0,0.0,0.0,0.0,0.0
2022-11-27,20443898509,16444.626953,0.0,0.0,0.0,0.0,0.0
2022-11-28,27743025156,16217.322266,0.0,0.0,0.0,0.0,0.0
2022-11-29,23581685468,16444.982422,0.0,0.0,0.0,0.0,0.0
2022-11-30,29523576583,17168.566406,0.0,0.0,0.0,0.0,0.0
2022-12-01,22895392882,16967.132813,0.0,0.0,0.0,0.0,0.0
2022-12-02,19539705127,17088.660156,0.0,0.0,0.0,0.0,0.0
2022-12-03,16217776704,16908.236328,0.0,0.0,0.0,0.0,0.0
2022-12-04,16824520830,17130.486328,0.0,0.0,0.0,0.0,0.0
2022-12-05,22209086834,16974.826172,0.0,0.0,0.0,0.0,0.0
2022-12-06,19889922369,17089.503906,0.0,0.0,0.0,0.0,0.0
2022-12-07,19675404389,16848.126953,0.0,0.0,0.0,0.0,0.0
2022-12-08,20496603770,17233.474609,0.0,0.0,0.0,0.0,0.0
2022-12-09,20328426366,17133.152344,0.0,0.0,0.0,0.0,0.0
2022-12-10,12706781969,17128.724609,0.0,0.0,0.0,0.0,0.0
2022-12-11,14122486832,17104.193359,0.0,0.0,0.0,0.0,0.0
2022-12-12,19617581341,17206.4375,0.0,0.0,0.0,0.0,0.0
2022-12-13,26634741631,17781.318359,0.0,0.0,0.0,0.0,0.0
2022-12-14,25534481470,17815.650391,0.0,0.0,0.0,0.0,0.0
2022-12-15,20964448341,17364.865234,0.0,0.0,0.0,0.0,0.0
2022-12-16,24031608960,16647.484375,0.0,0.0,0.0,0.0,0.0
2022-12-17,14463581825,16795.091797,0.0,0.0,0.0,0.0,0.0
2022-12-18,10924354698,16757.976563,0.0,0.0,0.0,0.0,0.0
2022-12-19,17221074814,16439.679688,0.0,0.0,0.0,0.0,0.0
2022-12-20,22722096615,16906.304688,0.0,0.0,0.0,0.0,0.0
2022-12-21,14882945045,16817.535156,0.0,0.0,0.0,0.0,0.0
2022-12-22,16441573050,16830.341797,0.0,0.0,0.0,0.0,0.0
2022-12-23,15329265213,16796.953125,0.0,0.0,0.0,0.0,0.0
2022-12-24,9744636213,16847.755859,5017.0,0.08324869717890589,0.2769518149630885,0.22961929439904324,0.0
2022-12-25,11656379938,16841.986328,13793.0,0.0828199562042887,0.23568364452685886,0.22931921989414922,0.0
2022-12-26,11886957804,16919.804688,473.0,0.05448679180814488,0.22390106676073906,0.19027484143763213,0.0
2022-12-27,15748580239,16717.173828,15997.0,0.08669663565611556,0.2679187824643031,0.2429205476026755,0.0
2022-12-28,17005713920,16552.572266,0.0,0.0,0.0,0.0,0.0
2022-12-29,14472237479,16642.341797,0.0,0.0,0.0,0.0,0.0
2022-12-30,15929162910,16602.585938,0.0,0.0,0.0,0.0,0.0
2022-12-31,11239186456,16547.496094,0.0,0.0,0.0,0.0,0.0
2023-01-01,9244361700,16625.080078,0.0,0.0,0.0,0.0,0.0
2023-01-02,12097775227,16688.470703,0.0,0.0,0.0,0.0,0.0
2023-01-03,13903079207,16679.857422,0.0,0.0,0.0,0.0,0.0
2023-01-04,18421743322,16863.238281,0.0,0.0,0.0,0.0,0.0
2023-01-05,13692758566,16836.736328,0.0,0.0,0.0,0.0,0.0
2023-01-06,14413662913,16951.96875,3374.0,0.06322184913995187,0.22075753737383638,0.18583283935981032,0.0
2023-01-07,7714767174,16955.078125,19056.0,0.07754639550902867,0.25175427310835075,0.22916666666666666,0.0
2023-01-08,9768827914,17091.144531,3605.0,0.055898250095181436,0.24514954924101942,0.179750346740638,0.0
2023-01-09,18624736866,17196.554688,25576.0,0.08063267305206247,0.2673752505705936,0.23045042227087895,0.0
2023-01-10,15808338949,17446.292969,0.0,0.0,0.0,0.0,0.0
2023-01-11,18372283782,17934.896484,0.0,0.0,0.0,0.0,0.0
2023-01-12,34971338710,18869.587891,0.0,0.0,0.0,0.0,0.0
2023-01-13,29225029694,19909.574219,0.0,0.0,0.0,0.0,0.0
2023-01-14,38967784639,20976.298828,0.0,0.0,0.0,0.0,0.0
2023-01-15,19298407543,20880.798828,0.0,0.0,0.0,0.0,0.0
2023-01-16,26792494050,21169.632813,0.0,0.0,0.0,0.0,0.0
2023-01-17,24999983362,21161.519531,0.0,0.0,0.0,0.0,0.0
2023-01-18,30005625418,20688.78125,0.0,0.0,0.0,0.0,0.0
2023-01-19,21152848261,21086.792969,0.0,0.0,0.0,0.0,0.0
2023-01-20,28799154319,22676.552734,0.0,0.0,0.0,0.0,0.0
2023-01-21,32442278429,22777.625,0.0,0.0,0.0,0.0,0.0
2023-01-22,24746386230,22720.416016,0.0,0.0,0.0,0.0,0.0
2023-01-23,26518700512,22934.431641,0.0,0.0,0.0,0.0,0.0
2023-01-24,26405069715,22636.46875,0.0,0.0,0.0,0.0,0.0
2023-01-25,30685366709,23117.859375,0.0,0.0,0.0,0.0,0.0
2023-01-26,26357839322,23032.777344,0.0,0.0,0.0,0.0,0.0
2023-01-27,25383335641,23078.728516,0.0,0.0,0.0,0.0,0.0
2023-01-28,14712928379,23031.089844,0.0,0.0,0.0,0.0,0.0
2023-01-29,27423687259,23774.566406,0.0,0.0,0.0,0.0,0.0
2023-01-30,27205595568,22840.138672,0.0,0.0,0.0,0.0,0.0
2023-01-31,22837828665,23139.283203,0.0,0.0,0.0,0.0,0.0
2023-02-01,26683255504,23723.769531,0.0,0.0,0.0,0.0,0.0
2023-02-02,32066936882,23471.871094,0.0,0.0,0.0,0.0,0.0
2023-02-03,27083066007,23449.322266,0.0,0.0,0.0,0.0,0.0
2023-02-04,15639298538,23331.847656,0.0,0.0,0.0,0.0,0.0
2023-02-05,19564262605,22955.666016,0.0,0.0,0.0,0.0,0.0
2023-02-06,23825006542,22760.109375,0.0,0.0,0.0,0.0,0.0
2023-02-07,27187964471,23264.291016,0.0,0.0,0.0,0.0,0.0
2023-02-08,25371367758,22939.398438,0.0,0.0,0.0,0.0,0.0
2023-02-09,32572572185,21819.039063,0.0,0.0,0.0,0.0,0.0
2023-02-10,27078406594,21651.183594,0.0,0.0,0.0,0.0,0.0
2023-02-11,16356226232,21870.875,0.0,0.0,0.0,0.0,0.0
2023-02-12,17821046406,21788.203125,0.0,0.0,0.0,0.0,0.0
2023-02-13,23918742607,21808.101563,0.0,0.0,0.0,0.0,0.0
2023-02-14,26792596581,22220.804688,0.0,0.0,0.0,0.0,0.0
2023-02-15,32483312909,24307.841797,0.0,0.0,0.0,0.0,0.0
2023-02-16,39316664596,23623.474609,0.0,0.0,0.0,0.0,0.0
2023-02-17,41358451255,24565.601563,0.0,0.0,0.0,0.0,0.0
2023-02-18,19625427158,24641.277344,0.0,0.0,0.0,0.0,0.0
2023-02-19,25555105670,24327.642578,0.0,0.0,0.0,0.0,0.0
2023-02-20,28987376573,24829.148438,0.0,0.0,0.0,0.0,0.0
2023-02-21,31252098714,24436.353516,0.0,0.0,0.0,0.0,0.0
2023-02-22,30199996781,24188.84375,0.0,0.0,0.0,0.0,0.0
2023-02-23,30476264066,23947.492188,0.0,0.0,0.0,0.0,0.0
2023-02-24,26811744928,23198.126953,0.0,0.0,0.0,0.0,0.0
2023-02-25,16100721565,23175.375,0.0,0.0,0.0,0.0,0.0
2023-02-26,16644534842,23561.212891,0.0,0.0,0.0,0.0,0.0
2023-02-27,22660763494,23522.871094,0.0,0.0,0.0,0.0,0.0
2023-02-28,20535363434,23147.353516,0.0,0.0,0.0,0.0,0.0
2023-03-01,24662841200,23646.550781,0.0,0.0,0.0,0.0,0.0
2023-03-02,20386398516,23475.466797,0.0,0.0,0.0,0.0,0.0
2023-03-03,26062404610,22362.679688,0.0,0.0,0.0,0.0,0.0
2023-03-04,11166012913,22353.349609,0.0,0.0,0.0,0.0,0.0
2023-03-05,13317001733,22435.513672,0.0,0.0,0.0,0.0,0.0
2023-03-06,17353192895,22429.757813,0.0,0.0,0.0,0.0,0.0
2023-03-07,22765452204,22219.769531,0.0,0.0,0.0,0.0,0.0
2023-03-08,22536575684,21718.080078,0.0,0.0,0.0,0.0,0.0
2023-03-09,30364664171,20363.021484,0.0,0.0,0.0,0.0,0.0
2023-03-10,39578257695,20187.244141,0.0,0.0,0.0,0.0,0.0
2023-03-11,30180288176,20632.410156,0.0,0.0,0.0,0.0,0.0
2023-03-12,29279035521,22163.949219,0.0,0.0,0.0,0.0,0.0
2023-03-13,49466362688,24197.533203,0.0,0.0,0.0,0.0,0.0
2023-03-14,54622230164,24746.074219,0.0,0.0,0.0,0.0,0.0
2023-03-15,43655701450,24375.960938,0.0,0.0,0.0,0.0,0.0
2023-03-16,33866061747,25052.789063,0.0,0.0,0.0,0.0,0.0
2023-03-17,50730261335,27423.929688,0.0,0.0,0.0,0.0,0.0
2023-03-18,35723036817,26965.878906,0.0,0.0,0.0,0.0,0.0
2023-03-19,37769448859,28038.675781,0.0,0.0,0.0,0.0,0.0
2023-03-20,44774027664,27767.236328,0.0,0.0,0.0,0.0,0.0
2023-03-21,36102192830,28175.816406,0.0,0.0,0.0,0.0,0.0
2023-03-22,33382021890,27307.4375,0.0,0.0,0.0,0.0,0.0
2023-03-23,24220433689,28333.972656,0.0,0.0,0.0,0.0,0.0
2023-03-24,25980310960,27493.285156,0.0,0.0,0.0,0.0,0.0
2023-03-25,13383005987,27494.707031,0.0,0.0,0.0,0.0,0.0
2023-03-26,13878363192,27994.330078,0.0,0.0,0.0,0.0,0.0
2023-03-27,18188895178,27139.888672,0.0,0.0,0.0,0.0,0.0
2023-03-28,17783600385,27268.130859,0.0,0.0,0.0,0.0,0.0
2023-03-29,20684945906,28348.441406,0.0,0.0,0.0,0.0,0.0
2023-03-30,22435349951,28033.5625,0.0,0.0,0.0,0.0,0.0
2023-03-31,19001327598,28478.484375,0.0,0.0,0.0,0.0,0.0
2023-04-01,10876469901,28411.035156,0.0,0.0,0.0,0.0,0.0
2023-04-02,12284641999,28199.308594,0.0,0.0,0.0,0.0,0.0
2023-04-03,19556501327,27790.220703,0.0,0.0,0.0,0.0,0.0
2023-04-04,15284538859,28168.089844,0.0,0.0,0.0,0.0,0.0
2023-04-05,17052315986,28177.984375,0.0,0.0,0.0,0.0,0.0
2023-04-06,13837809380,28044.140625,0.0,0.0,0.0,0.0,0.0
2023-04-07,10861680497,27925.859375,0.0,0.0,0.0,0.0,0.0
2023-04-08,9373255556,27947.794922,0.0,0.0,0.0,0.0,0.0
2023-04-09,12175322951,28333.050781,0.0,0.0,0.0,0.0,0.0
2023-04-10,19282400094,29652.980469,0.0,0.0,0.0,0.0,0.0
2023-04-11,20121259843,30235.058594,0.0,0.0,0.0,0.0,0.0
2023-04-12,18651929926,30139.052734,0.0,0.0,0.0,0.0,0.0
2023-04-13,17487721001,30399.066406,0.0,0.0,0.0,0.0,0.0
2023-04-14,22659995079,30485.699219,0.0,0.0,0.0,0.0,0.0
2023-04-15,11940685378,30318.496094,0.0,0.0,0.0,0.0,0.0
2023-04-16,12854816417,30315.355469,0.0,0.0,0.0,0.0,0.0
2023-04-17,16472007680,29595.679688,0.0,0.0,0.0,0.0,0.0
